,epoch,decoder_0,sindy_x_0,reg_0,sindy_z_0,active_coeffs_0,coeff_0
0,0.0,28.901514053344727,0.8684489727020264,0.009999999776482582,0.0,60,0.0
1,50.0,6.373104572296143,0.889205813407898,0.009479628875851631,0.0,60,0.0
