,epoch,total_0,decoder_0,sindy_x_0,reg_0,sindy_z_0,active_coeffs_0,total_1,decoder_1,sindy_x_1,reg_1,sindy_z_1,active_coeffs_1,total_2,decoder_2,sindy_x_2,reg_2,sindy_z_2,active_coeffs_2,total_3,decoder_3,sindy_x_3,reg_3,sindy_z_3,active_coeffs_3
0,0,0.7527369856834412,0.7499806880950928,0.0023456341587007046,1.9999999494757503e-05,0.00041064497781917453,60,0.71180260181427,0.7057919502258301,0.005568580236285925,1.9999999494757503e-05,0.0004420194309204817,60,0.6685907244682312,0.665266215801239,0.002859816886484623,1.9999999494757503e-05,0.0004646923334803432,60,0.7690555453300476,0.7660518884658813,0.002993965055793524,1.9999999494757503e-05,9.671593943494372e-06,60
1,50,0.02670959383249283,0.022982098162174225,0.002169010229408741,1.9671169866342098e-05,0.001558484393171966,60,0.05411854386329651,0.04668765515089035,0.005513508804142475,1.9757930203923024e-05,0.001917378162033856,60,0.028283648192882538,0.024390917271375656,0.0025115953758358955,1.982493995456025e-05,0.001381134963594377,60,0.04671363905072212,0.04199796915054321,0.0029327385127544403,1.9772222003666684e-05,0.0017829288262873888,60
