,epoch,decoder_0,sindy_x_0,reg_0,sindy_z_0,active_coeffs_0,decoder_1,sindy_x_1,reg_1,sindy_z_1,active_coeffs_1,decoder_2,sindy_x_2,reg_2,sindy_z_2,active_coeffs_2,decoder_3,sindy_x_3,reg_3,sindy_z_3,active_coeffs_3
0,0.0,0.8185681104660034,0.002345362678170204,1.9999999494757503e-05,0.00037076527951285243,60,0.6710246801376343,0.005567735061049461,1.9999999494757503e-05,7.911234570201486e-05,60,0.7150396108627319,0.0028591249138116837,1.9999999494757503e-05,1.2581789633259177e-05,60,0.7473822832107544,0.002994396723806858,1.9999999494757503e-05,0.00010367855429649353,60
1,45.0,0.18656760454177856,0.0023451559245586395,1.9744842575164512e-05,0.0002757993061095476,60,0.23080989718437195,0.005567825865000486,1.9772376617765985e-05,0.0008876515203155577,60,0.20720893144607544,0.0028689962346106768,1.9517157852533273e-05,0.0011435081250965595,60,0.1729748398065567,0.0030041304416954517,1.958372195076663e-05,0.0020640031434595585,60
