,epoch,decoder_0,sindy_x_0,reg_0,sindy_z_0,active_coeffs_0,decoder_1,sindy_x_1,reg_1,sindy_z_1,active_coeffs_1,decoder_avg,sindy_x_avg,reg_avg,sindy_z_avg,active_coeffs_avg
0,1,0.12531527876853943,0.0009154248982667923,9.882351150736213e-06,0.0,60,0.14054791629314423,0.0010884166695177555,9.882357517199125e-06,0.0,60,0.13293159753084183,0.001001920783892274,9.882354333967669e-06,0.0,60.0
1,50,0.008967652916908264,0.0008605649927631021,6.0635652516793925e-06,0.0,60,0.010181178338825703,0.0012789047323167324,7.2288444243895356e-06,0.0,60,0.009574415627866983,0.0010697348625399172,6.646204838034464e-06,0.0,60.0
