,epoch,decoder_0,sindy_x_0,reg_0,sindy_z_0,active_coeffs_0,decoder_avg,sindy_x_avg,reg_avg,sindy_z_avg,active_coeffs_avg
0,1,0.26467078924179077,0.0008175141992978752,1.976492603716906e-05,0.0,60,0.26467078924179077,0.0008175141992978752,1.976492603716906e-05,0.0,60.0
1,50,0.053497858345508575,0.0008010583114810288,1.0595425010251347e-05,0.0,60,0.053497858345508575,0.0008010583114810288,1.0595425010251347e-05,0.0,60.0
