,epoch,decoder_0,sindy_x_0,reg_0,sindy_z_0,active_coeffs_0,decoder_avg,sindy_x_avg,reg_avg,sindy_z_avg,active_coeffs_avg
0,1,0.3700477182865143,0.001160089042969048,1.9768569472944364e-05,0.0,60,0.3700477182865143,0.001160089042969048,1.9768569472944364e-05,0.0,60.0
1,50,0.08483389765024185,0.0012447589542716742,1.5810546756256372e-05,0.0,60,0.08483389765024185,0.0012447589542716742,1.5810546756256372e-05,0.0,60.0
