,epoch,decoder_0,sindy_x_0,reg_0,sindy_z_0,active_coeffs_0,decoder_1,sindy_x_1,reg_1,sindy_z_1,active_coeffs_1,decoder_avg,sindy_x_avg,reg_avg,sindy_z_avg,active_coeffs_avg
0,1.0,0.35240083932876587,0.000920140533708036,9.980670256481972e-06,0.0,60,0.3277830183506012,0.0010888783726841211,9.98162886389764e-06,0.0,60,0.34009192883968353,0.0010045094531960785,9.981149560189806e-06,0.0,60.0
1,46.0,0.08758094161748886,0.0009153515566140413,9.223139386449475e-06,0.0,60,0.08300255239009857,0.001090953592211008,9.145114745479077e-06,0.0,60,0.08529174700379372,0.0010031525744125247,9.184127065964276e-06,0.0,60.0
