,epoch,decoder_0,sindy_x_0,reg_0,sindy_z_0,active_coeffs_0,decoder_avg,sindy_x_avg,reg_avg,sindy_z_avg,active_coeffs_avg
0,1.0,0.5047538876533508,0.0008174061076715589,1.9967632397310808e-05,0.0,60,0.5047538876533508,0.0008174061076715589,1.9967632397310808e-05,0.0,60.0
1,46.0,0.1096755713224411,0.0008216394926421344,1.876823080237955e-05,0.0,60,0.1096755713224411,0.0008216394926421344,1.876823080237955e-05,0.0,60.0
